,true,pred
2019-06-11,1339.64,1320.6858
2019-06-12,1338.63,1321.767
2019-06-13,1334.49,1322.479
2019-06-14,1336.16,1322.8009
2019-06-15,1336.16,1322.409
2019-06-16,1336.16,1322.4032
2019-06-17,1327.92,1322.3733
2019-06-18,1331.21,1321.5981
2019-06-19,1326.67,1320.7795
2019-06-20,1322.65,1319.6946
2019-06-21,1318.51,1318.7875
2019-06-22,1318.51,1317.8765
2019-06-23,1318.51,1316.5604
2019-06-24,1321.43,1315.1199
2019-06-25,1319.95,1314.2404
2019-06-26,1312.78,1313.9408
2019-06-27,1317.28,1313.094
2019-06-28,1315.11,1312.238
2019-06-29,1315.11,1311.1187
2019-06-30,1315.11,1310.222
2019-07-01,1314.65,1309.5151
2019-07-02,1304.16,1309.0199
2019-07-03,1315.0,1307.112
2019-07-04,1321.09,1306.3293
2019-07-05,1319.62,1307.0001
2019-07-06,1319.62,1308.1752
2019-07-07,1319.62,1309.2871
2019-07-08,1314.18,1310.5314
2019-07-09,1321.75,1311.0886
2019-07-10,1322.14,1311.6396
2019-07-11,1329.96,1311.9458
2019-07-12,1321.29,1313.1567
2019-07-13,1321.29,1313.5676
2019-07-14,1321.29,1313.8414
2019-07-15,1326.93,1313.8402
2019-07-16,1327.96,1314.2671
2019-07-17,1321.16,1314.5162
2019-07-18,1325.29,1315.0422
2019-07-19,1327.59,1315.553
2019-07-20,1327.59,1316.3177
2019-07-21,1327.59,1316.7987
2019-07-22,1316.32,1317.0371
2019-07-23,1319.91,1315.7267
2019-07-24,1314.03,1313.8895
2019-07-25,1312.63,1311.787
2019-07-26,1315.01,1310.3168
2019-07-27,1315.01,1308.7642
2019-07-28,1315.01,1308.097
2019-07-29,1318.31,1307.7776
2019-07-30,1318.84,1308.3704
2019-07-31,1318.82,1309.669
2019-08-01,1309.19,1311.1202
2019-08-02,1316.8,1312.8658
2019-08-03,1316.8,1313.6095
2019-08-04,1316.8,1313.8007
2019-08-05,1327.3,1313.7299
2019-08-06,1361.09,1318.42
2019-08-07,1360.26,1322.1613
2019-08-08,1360.54,1326.6318
2019-08-09,1355.08,1329.7786
2019-08-10,1355.08,1333.4364
2019-08-11,1355.08,1336.0594
2019-08-12,1355.17,1337.0547
2019-08-13,1363.36,1338.8264
2019-08-14,1361.94,1338.0332
2019-08-15,1361.94,1340.3165
2019-08-16,1346.32,1341.1469
2019-08-17,1346.32,1339.0768
2019-08-18,1346.32,1337.2625
2019-08-19,1345.97,1335.5542
2019-08-20,1341.82,1333.217
2019-08-21,1343.14,1331.7081
2019-08-22,1335.36,1330.1035
2019-08-23,1335.43,1329.3525
2019-08-24,1335.43,1330.4261
2019-08-25,1335.43,1330.354
2019-08-26,1351.24,1329.903
2019-08-27,1352.14,1330.0691
2019-08-28,1345.51,1331.8467
2019-08-29,1345.1,1332.2511
2019-08-30,1343.83,1331.7108
2019-08-31,1343.83,1331.833
2019-09-01,1343.83,1331.6045
2019-09-02,1329.59,1331.3728
2019-09-03,1328.91,1329.7334
2019-09-04,1333.14,1327.9299
2019-09-05,1335.02,1325.6918
2019-09-06,1323.82,1324.0354
2019-09-07,1323.82,1321.3627
2019-09-08,1323.82,1319.5667
2019-09-09,1319.46,1318.4125
2019-09-10,1317.54,1317.494
2019-09-11,1316.75,1316.2587
2019-09-12,1316.75,1314.714
2019-09-13,1316.75,1313.8837
2019-09-14,1316.75,1313.2957
2019-09-15,1316.75,1313.0204
2019-09-16,1320.19,1312.897
2019-09-17,1302.93,1313.2305
2019-09-18,1315.51,1312.1213
2019-09-19,1312.82,1310.988
2019-09-20,1320.05,1310.4812
2019-09-21,1320.05,1310.9896
2019-09-22,1320.05,1311.391
2019-09-23,1312.41,1312.2163
2019-09-24,1311.75,1311.6694
2019-09-25,1315.73,1312.0381
2019-09-26,1312.08,1310.8834
2019-09-27,1309.36,1309.6628
2019-09-28,1309.36,1309.0228
2019-09-29,1309.36,1308.3347
2019-09-30,1314.64,1307.7448
2019-10-01,1306.95,1306.9067
2019-10-02,1309.81,1307.0432
2019-10-03,1309.81,1307.9958
2019-10-04,1320.82,1307.4434
2019-10-05,1320.82,1306.8774
2019-10-06,1320.82,1307.1238
2019-10-07,1314.67,1307.8916
2019-10-08,1312.74,1308.5477
2019-10-09,1312.74,1309.684
2019-10-10,1312.68,1308.8932
2019-10-11,1316.61,1307.9644
2019-10-12,1316.61,1306.995
2019-10-13,1316.61,1306.763
2019-10-14,1311.86,1307.0375
2019-10-15,1305.33,1306.431
2019-10-16,1306.36,1305.1042
2019-10-17,1314.66,1304.2002
2019-10-18,1320.15,1304.5498
2019-10-19,1320.15,1306.0111
2019-10-20,1320.15,1307.392
2019-10-21,1317.14,1308.7582
2019-10-22,1310.51,1309.6085
2019-10-23,1303.53,1309.3839
2019-10-24,1306.68,1307.6687
2019-10-25,1300.1,1305.68
2019-10-26,1300.1,1302.7603
2019-10-27,1300.1,1300.4489
2019-10-28,1301.37,1298.8691
2019-10-29,1298.08,1298.5667
2019-10-30,1296.45,1298.1024
2019-10-31,1303.17,1296.9542
2019-11-01,1295.47,1297.2689
2019-11-02,1295.47,1295.7731
2019-11-03,1295.47,1294.4869
2019-11-04,1303.63,1293.3872
2019-11-05,1291.06,1293.5613
2019-11-06,1284.64,1292.5514
2019-11-07,1281.24,1290.4165
2019-11-08,1282.52,1288.2773
2019-11-09,1282.52,1285.9089
2019-11-10,1282.52,1283.8789
2019-11-11,1274.08,1282.5872
2019-11-12,1281.38,1281.5739
2019-11-13,1281.25,1281.049
2019-11-14,1285.41,1280.834
2019-11-15,1289.96,1281.155
2019-11-16,1289.96,1281.6844
2019-11-17,1289.96,1282.7448
2019-11-18,1289.05,1283.6458
2019-11-19,1289.39,1284.5756
2019-11-20,1294.52,1285.1093
2019-11-21,1296.18,1285.3656
2019-11-22,1301.44,1286.1693
2019-11-23,1301.44,1286.7277
2019-11-24,1301.44,1287.7584
2019-11-25,1298.11,1288.8525
2019-11-26,1295.29,1289.0857
2019-11-27,1294.48,1288.7448
2019-11-28,1294.13,1288.216
2019-11-29,1298.47,1287.5945
2019-11-30,1298.47,1288.0754
2019-12-01,1298.47,1288.5309
2019-12-02,1300.51,1288.7024
2019-12-03,1307.47,1291.0182
2019-12-04,1314.61,1293.4043
2019-12-05,1322.62,1295.422
2019-12-06,1321.78,1298.3248
2019-12-07,1321.78,1300.4452
2019-12-08,1321.78,1302.5894
2019-12-09,1315.75,1304.3774
2019-12-10,1315.9,1306.28
2019-12-11,1322.46,1306.8743
2019-12-12,1328.5,1307.0741
2019-12-13,1329.57,1307.4725
2019-12-14,1329.57,1307.832
2019-12-15,1329.57,1308.9442
2019-12-16,1303.87,1310.352
2019-12-17,1306.49,1308.9983
2019-12-18,1301.16,1306.7228
2019-12-19,1295.29,1303.9055
2019-12-20,1295.39,1300.5364
2019-12-21,1295.39,1297.1132
2019-12-22,1295.39,1295.0991
2019-12-23,1288.04,1293.8566
2019-12-24,1288.5,1292.5874
2019-12-25,1288.5,1291.4623
2019-12-26,1290.78,1290.4989
2019-12-27,1288.82,1289.9268
2019-12-28,1288.82,1290.1998
2019-12-29,1288.82,1290.079
2019-12-30,1298.06,1289.7885
2019-12-31,1297.43,1291.3221
2020-01-01,1297.43,1292.1869
2020-01-02,1299.11,1293.0822
2020-01-03,1292.66,1292.6436
2020-01-04,1292.66,1292.789
2020-01-05,1292.66,1292.3271
2020-01-06,1298.15,1291.7141
2020-01-07,1309.54,1291.697
2020-01-08,1299.25,1292.7001
2020-01-09,1304.25,1293.1044
2020-01-10,1288.47,1293.3895
2020-01-11,1288.47,1292.6804
2020-01-12,1288.47,1291.4606
2020-01-13,1290.74,1289.8269
2020-01-14,1286.93,1288.6592
2020-01-15,1283.11,1287.2437
2020-01-16,1292.24,1286.0569
2020-01-17,1291.39,1285.9437
2020-01-18,1291.39,1286.0115
2020-01-19,1291.39,1286.3257
2020-01-20,1285.05,1286.7737
2020-01-21,1285.57,1286.7101
2020-01-22,1291.01,1286.4766
2020-01-23,1292.74,1286.4758
2020-01-24,1292.74,1286.5327
2020-01-25,1292.74,1287.3383
2020-01-26,1292.74,1288.0201
2020-01-27,1292.74,1288.5148
2020-01-28,1286.2,1290.2496
2020-01-29,1296.84,1289.1848
2020-01-30,1294.95,1288.8602
2020-01-31,1305.76,1288.3191
2020-02-01,1305.76,1291.335
2020-02-02,1305.76,1294.6538
2020-02-03,1317.33,1297.0574
2020-02-04,1323.02,1299.0555
2020-02-05,1313.75,1301.1228
2020-02-06,1307.29,1302.0367
2020-02-07,1297.18,1302.0348
2020-02-08,1297.18,1300.975
2020-02-09,1297.18,1299.3346
2020-02-10,1299.33,1297.4457
2020-02-11,1298.55,1295.6628
2020-02-12,1292.86,1294.8816
2020-02-13,1282.62,1293.134
2020-02-14,1280.63,1291.2278
2020-02-15,1280.63,1288.7869
2020-02-16,1280.63,1286.6508
2020-02-17,1282.74,1284.8773
2020-02-18,1281.09,1283.83
2020-02-19,1282.44,1283.4873
2020-02-20,1287.08,1283.1768
2020-02-21,1291.26,1283.8809
2020-02-22,1291.26,1286.2446
2020-02-23,1291.26,1287.806
2020-02-24,1306.81,1288.7721
2020-02-25,1321.51,1294.921
2020-02-26,1319.36,1301.923
2020-02-27,1324.06,1306.3289
2020-02-28,1337.61,1316.3728
2020-02-29,1337.61,1323.3235
2020-03-01,1337.61,1327.3889
2020-03-02,1345.15,1328.2574
2020-03-03,1337.79,1326.6055
2020-03-04,1332.4,1327.4645
2020-03-05,1321.23,1324.2177
2020-03-06,1330.64,1325.132
2020-03-07,1330.64,1326.5664
2020-03-08,1330.64,1326.3003
2020-03-09,1355.1,1325.523
2020-03-10,1372.84,1334.2637
2020-03-11,1352.99,1337.3044
2020-03-12,1342.56,1342.9181
2020-03-13,1343.84,1355.1185
2020-03-14,1343.84,1350.3854
2020-03-15,1343.84,1347.2654
2020-03-16,1364.22,1344.7959
2020-03-17,1362.29,1358.0264
2020-03-18,1367.55,1360.8833
2020-03-19,1355.89,1362.5767
2020-03-20,1365.1,1360.0281
2020-03-21,1365.1,1357.1809
2020-03-22,1365.1,1356.787
2020-03-23,1339.13,1357.5458
2020-03-24,1369.75,1353.892
2020-03-25,1358.11,1354.5603
2020-03-26,1339.37,1356.6598
2020-03-27,1355.72,1355.4948
2020-03-28,1355.72,1357.4517
2020-03-29,1355.72,1358.6128
2020-03-30,1347.46,1358.4216
2020-03-31,1348.65,1352.2465
2020-04-01,1345.29,1347.7332
2020-04-02,1337.94,1345.5627
2020-04-03,1342.67,1340.2023
2020-04-04,1342.67,1334.9006
2020-04-05,1342.67,1332.561
2020-04-06,1330.21,1333.9705
2020-04-07,1330.78,1332.527
2020-04-08,1332.05,1332.9738
2020-04-09,1324.35,1332.5042
2020-04-10,1329.59,1332.7708
2020-04-11,1329.59,1332.9828
2020-04-12,1329.59,1333.6622
2020-04-13,1325.77,1334.5331
2020-04-14,1330.39,1334.6561
2020-04-15,1330.39,1335.1477
2020-04-16,1326.39,1337.1238
2020-04-17,1333.0,1336.8823
2020-04-18,1333.0,1336.4406
2020-04-19,1333.0,1336.7377
2020-04-20,1325.32,1337.3324
2020-04-21,1324.06,1338.7944
2020-04-22,1336.33,1339.763
2020-04-23,1336.61,1338.9084
2020-04-24,1327.97,1338.673
2020-04-25,1327.97,1336.419
2020-04-26,1327.97,1334.8629
2020-04-27,1336.89,1334.2642
2020-04-28,1332.11,1333.903
2020-04-29,1326.4,1335.1151
2020-04-30,1326.4,1335.5807
2020-05-01,1326.4,1337.6328
2020-05-02,1326.4,1339.9542
2020-05-03,1326.4,1341.0424
2020-05-04,1335.6,1341.2355
2020-05-05,1335.6,1340.4539
2020-05-06,1330.75,1339.1589
2020-05-07,1320.74,1337.1996
2020-05-08,1329.53,1335.8802
2020-05-09,1329.53,1333.8392
2020-05-10,1329.53,1332.8732
2020-05-11,1318.95,1332.7032
2020-05-12,1316.38,1330.5857
2020-05-13,1330.79,1331.7466
2020-05-14,1326.55,1334.1079
2020-05-15,1326.62,1334.3717
2020-05-16,1326.62,1334.0155
2020-05-17,1326.62,1334.0059
2020-05-18,1330.41,1334.3412
2020-05-19,1344.41,1334.2156
2020-05-20,1337.83,1337.381
2020-05-21,1348.19,1339.9884
2020-05-22,1347.55,1343.151
2020-05-23,1347.55,1345.2913
2020-05-24,1347.55,1347.3638
2020-05-25,1348.01,1348.7441
2020-05-26,1353.41,1349.9585
2020-05-27,1358.77,1352.4996
2020-05-28,1358.92,1354.7805
2020-05-29,1372.57,1358.1157
2020-05-30,1372.57,1362.4602
2020-05-31,1372.57,1366.3618
2020-06-01,1375.59,1369.5603
2020-06-02,1366.66,1372.6768
2020-06-03,1367.38,1374.0582
2020-06-04,1366.82,1373.5411
2020-06-05,1380.65,1373.3547
2020-06-06,1380.65,1372.5249
2020-06-07,1380.65,1373.04
2020-06-08,1371.35,1374.3694
2020-06-09,1360.08,1376.2034
2020-06-10,1358.25,1377.2882
2020-06-11,1359.41,1377.5189
2020-06-12,1347.21,1378.9943
2020-06-13,1347.21,1373.8818
2020-06-14,1347.21,1368.3142
2020-06-15,1357.12,1363.5532
2020-06-16,1371.29,1361.5371
2020-06-17,1358.93,1360.8254
2020-06-18,1365.89,1360.8566
2020-06-19,1359.47,1361.9998
2020-06-20,1359.47,1363.4999
2020-06-21,1359.47,1364.4674
2020-06-22,1354.89,1364.4302
2020-06-23,1367.7,1363.7571
2020-06-24,1368.68,1364.3292
2020-06-25,1353.56,1365.8478
2020-06-26,1352.42,1365.0159
2020-06-27,1352.42,1364.6299
2020-06-28,1352.42,1363.8336
2020-06-29,1345.37,1362.4258
2020-06-30,1350.19,1359.0985
2020-07-01,1346.75,1356.5851
2020-07-02,1352.28,1353.8059
2020-07-03,1349.92,1352.7983
2020-07-04,1349.92,1352.7916
2020-07-05,1349.92,1353.5803
2020-07-06,1350.03,1354.4819
2020-07-07,1354.0,1356.3146
2020-07-08,1344.94,1358.6099
2020-07-09,1355.26,1359.4111
2020-07-10,1348.23,1360.7059
2020-07-11,1348.23,1360.0591
2020-07-12,1348.23,1359.2235
2020-07-13,1360.46,1358.3112
2020-07-14,1361.92,1360.9701
2020-07-15,1376.26,1363.1215
2020-07-16,1370.66,1366.2482
2020-07-17,1370.93,1369.0594
2020-07-18,1370.93,1371.5566
2020-07-19,1370.93,1373.3943
2020-07-20,1379.14,1374.8315
2020-07-21,1378.24,1376.4276
2020-07-22,1381.89,1379.4163
2020-07-23,1381.05,1382.218
2020-07-24,1390.02,1385.4891
2020-07-25,1390.02,1389.1523
2020-07-26,1390.02,1391.9401
2020-07-27,1399.15,1394.0441
2020-07-28,1406.66,1397.2515
2020-07-29,1400.72,1401.3104
2020-07-30,1408.78,1404.7982
2020-07-31,1411.21,1408.8655
2020-08-01,1411.21,1411.3179
2020-08-02,1411.21,1413.0095
2020-08-03,1402.37,1414.2716
2020-08-04,1403.67,1414.2778
2020-08-05,1408.09,1414.3252
2020-08-06,1413.01,1414.6638
2020-08-07,1406.89,1415.3632
2020-08-08,1406.89,1413.933
2020-08-09,1406.89,1413.4371
2020-08-10,1397.29,1413.4371
2020-08-11,1393.13,1412.0164
2020-08-12,1391.01,1409.7323
2020-08-13,1397.76,1406.8704
2020-08-14,1398.6,1405.1344
2020-08-15,1398.6,1404.7375
2020-08-16,1398.6,1404.9314
2020-08-17,1398.6,1405.5151
2020-08-18,1408.26,1406.8213
2020-08-19,1414.54,1410.0057
2020-08-20,1400.97,1412.1124
2020-08-21,1407.84,1413.609
2020-08-22,1407.84,1413.8618
2020-08-23,1407.84,1414.209
2020-08-24,1398.77,1414.2523
2020-08-25,1403.31,1412.6611
2020-08-26,1403.81,1411.6244
2020-08-27,1405.11,1411.2631
2020-08-28,1401.56,1410.8219
2020-08-29,1401.56,1411.1447
2020-08-30,1401.56,1411.169
2020-08-31,1411.22,1410.9702
2020-09-01,1412.56,1413.2827
2020-09-02,1411.87,1415.1526
2020-09-03,1406.06,1415.9353
2020-09-04,1407.13,1418.4153
2020-09-05,1407.13,1417.7819
2020-09-06,1407.13,1416.6964
2020-09-07,1409.61,1415.3566
2020-09-08,1403.09,1414.2418
2020-09-09,1397.15,1411.9148
2020-09-10,1404.62,1408.8103
2020-09-11,1401.8,1407.29
2020-09-12,1401.8,1405.5099
2020-09-13,1401.8,1404.1371
2020-09-14,1407.6,1403.5637
2020-09-15,1405.23,1404.4684
2020-09-16,1398.72,1405.4006
2020-09-17,1391.16,1405.4241
2020-09-18,1393.26,1405.1119
2020-09-19,1393.26,1404.1608
2020-09-20,1393.26,1402.9342
2020-09-21,1378.46,1401.7153
2020-09-22,1365.5,1398.8276
2020-09-23,1362.64,1393.572
2020-09-24,1357.87,1387.8822
2020-09-25,1366.09,1382.5376
2020-09-26,1366.09,1377.5511
2020-09-27,1366.09,1374.4286
2020-09-28,1361.58,1373.1165
2020-09-29,1369.42,1372.9497
2020-09-30,1369.42,1374.9077
2020-10-01,1369.42,1376.3143
2020-10-02,1369.42,1377.5405
2020-10-03,1369.42,1378.4427
2020-10-04,1369.42,1379.3494
2020-10-05,1370.19,1379.6641
2020-10-06,1371.01,1379.3485
2020-10-07,1361.14,1379.2168
2020-10-08,1367.86,1377.285
2020-10-09,1367.86,1375.7432
2020-10-10,1367.86,1374.9794
2020-10-11,1367.86,1374.2516
2020-10-12,1366.45,1373.6917
2020-10-13,1356.54,1373.525
2020-10-14,1349.92,1372.3312
2020-10-15,1345.57,1370.4534
2020-10-16,1340.04,1366.6478
2020-10-17,1340.04,1362.6871
2020-10-18,1340.04,1358.882
2020-10-19,1341.9,1355.8428
2020-10-20,1344.2,1354.6232
2020-10-21,1348.32,1354.6205
2020-10-22,1344.4,1355.9015
2020-10-23,1340.68,1355.5814
2020-10-24,1340.68,1355.5798
2020-10-25,1340.68,1355.1661
2020-10-26,1343.99,1354.5085
2020-10-27,1333.47,1355.3143
2020-10-28,1328.26,1355.2737
2020-10-29,1326.36,1354.6682
2020-10-30,1323.07,1350.2537
2020-10-31,1323.07,1345.4272
2020-11-01,1323.07,1341.0339
2020-11-02,1316.07,1337.3127
2020-11-03,1320.96,1333.8546
2020-11-04,1331.79,1331.5892
2020-11-05,1332.43,1331.2069
2020-11-06,1337.18,1332.5767
2020-11-07,1337.18,1334.1548
2020-11-08,1337.18,1336.8497
2020-11-09,1336.97,1339.8884
2020-11-10,1318.25,1340.3049
2020-11-11,1318.88,1338.8988
2020-11-12,1310.35,1335.9795
2020-11-13,1314.41,1334.2354
2020-11-14,1314.41,1331.5067
2020-11-15,1314.41,1328.862
2020-11-16,1320.56,1327.2766
2020-11-17,1313.92,1327.0336
2020-11-18,1312.83,1328.0273
2020-11-19,1310.82,1328.959
2020-11-20,1320.24,1329.3296
2020-11-21,1320.24,1330.5477
2020-11-22,1320.24,1331.4983
2020-11-23,1321.33,1332.4381
2020-11-24,1317.37,1332.5746
2020-11-25,1321.49,1332.7117
2020-11-26,1319.39,1333.3461
2020-11-27,1317.12,1333.6704
2020-11-28,1317.12,1334.2695
2020-11-29,1317.12,1334.2067
2020-11-30,1321.58,1334.0249
2020-12-01,1318.31,1333.9792
2020-12-02,1336.38,1333.9271
2020-12-03,1336.54,1336.3416
2020-12-04,1333.81,1340.7535
2020-12-05,1333.81,1343.5769
2020-12-06,1333.81,1345.7944
2020-12-07,1318.15,1347.5266
2020-12-08,1311.31,1346.784
2020-12-09,1313.15,1343.4471
2020-12-10,1308.83,1339.5393
2020-12-11,1318.81,1336.4678
2020-12-12,1318.81,1334.3494
2020-12-13,1318.81,1333.3766
2020-12-14,1321.97,1333.3481
2020-12-15,1324.94,1335.0376
2020-12-16,1328.73,1336.8517
2020-12-17,1332.16,1338.7533
2020-12-18,1340.32,1341.7258
2020-12-19,1340.32,1344.6382
2020-12-20,1340.32,1347.6508
2020-12-21,1343.01,1350.2866
2020-12-22,1348.36,1353.6423
2020-12-23,1346.46,1355.5037
2020-12-24,1351.53,1356.4768
2020-12-25,1351.53,1357.5079
2020-12-26,1351.53,1358.5464
2020-12-27,1351.53,1359.5541
2020-12-28,1345.91,1360.3583
2020-12-29,1341.56,1360.545
2020-12-30,1340.1,1360.7987
2020-12-31,1338.24,1360.8446
2021-01-01,1338.24,1359.2644
2021-01-02,1338.24,1357.6672
2021-01-03,1338.24,1356.2662
2021-01-04,1331.39,1355.3337
2021-01-05,1326.58,1355.4268
2021-01-06,1335.52,1354.5804
2021-01-07,1339.97,1352.9633
2021-01-08,1334.66,1350.9462
2021-01-09,1334.66,1348.4674
2021-01-10,1334.66,1347.522
2021-01-11,1335.5,1347.6509
2021-01-12,1334.16,1347.7733
2021-01-13,1342.48,1348.579
2021-01-14,1331.19,1349.6414
2021-01-15,1337.41,1349.4188
2021-01-16,1337.41,1349.3326
2021-01-17,1337.41,1349.3328
2021-01-18,1326.32,1349.3849
2021-01-19,1333.62,1347.9386
2021-01-20,1337.34,1347.3905
2021-01-21,1332.65,1346.8132
2021-01-22,1337.67,1346.4839
2021-01-23,1337.67,1346.9149
2021-01-24,1337.67,1347.9486
2021-01-25,1341.28,1348.9651
2021-01-26,1339.62,1350.8046
2021-01-27,1341.41,1352.5424
2021-01-28,1336.39,1357.0835
2021-01-29,1351.12,1357.4769
2021-01-30,1351.12,1358.3259
2021-01-31,1351.12,1349.3739
2021-02-01,1354.27,1351.1465
2021-02-02,1348.59,1352.302
2021-02-03,1344.78,1351.3877
2021-02-04,1341.2,1349.1249
2021-02-05,1336.24,1345.7522
2021-02-06,1336.24,1342.8413
2021-02-07,1336.24,1340.2913
2021-02-08,1354.14,1338.5023
2021-02-09,1348.35,1339.3525
2021-02-10,1352.26,1342.0707
2021-02-11,1352.26,1345.7454
2021-02-12,1352.26,1349.1128
2021-02-13,1352.26,1351.6613
2021-02-14,1352.26,1353.4
2021-02-15,1345.77,1354.5953
2021-02-16,1337.95,1354.6783
2021-02-17,1329.54,1353.0637
2021-02-18,1333.95,1349.8022
2021-02-19,1337.29,1347.1162
2021-02-20,1337.29,1344.7959
2021-02-21,1337.29,1343.0519
2021-02-22,1342.25,1341.955
2021-02-23,1345.89,1342.6298
2021-02-24,1349.68,1344.0033
2021-02-25,1350.78,1345.6886
2021-02-26,1349.86,1348.3077
2021-02-27,1349.86,1350.8833
2021-02-28,1349.86,1352.9147
2021-03-01,1349.86,1354.1556
2021-03-02,1351.66,1354.0289
2021-03-03,1355.32,1353.7186
2021-03-04,1354.5,1353.4784
2021-03-05,1347.5,1352.8932
2021-03-06,1347.5,1351.4401
2021-03-07,1347.5,1350.1625
2021-03-08,1346.98,1349.2394
2021-03-09,1340.65,1348.0881
2021-03-10,1358.02,1347.3094
2021-03-11,1360.57,1347.9277
2021-03-12,1362.94,1349.8949
2021-03-13,1362.94,1351.5289
2021-03-14,1362.94,1353.9524
2021-03-15,1351.41,1356.8418
2021-03-16,1354.67,1358.0288
2021-03-17,1348.13,1358.1346
2021-03-18,1356.12,1357.4866
2021-03-19,1339.06,1356.0669
2021-03-20,1339.06,1353.4296
2021-03-21,1339.06,1350.6357
2021-03-22,1345.65,1347.896
2021-03-23,1350.21,1346.1979
2021-03-24,1336.29,1344.9515
2021-03-25,1339.12,1343.5862
2021-03-26,1335.35,1341.943
2021-03-27,1335.35,1340.393
2021-03-28,1335.35,1339.1105
2021-03-29,1334.28,1337.9617
2021-03-30,1331.56,1337.0919
2021-03-31,1328.29,1335.8695
2021-04-01,1327.97,1334.6738
2021-04-02,1330.15,1333.9998
2021-04-03,1330.15,1332.8625
2021-04-04,1330.15,1331.9269
2021-04-05,1326.22,1331.3398
2021-04-06,1332.5,1331.2842
2021-04-07,1333.16,1332.4009
2021-04-08,1325.17,1332.9812
2021-04-09,1332.69,1333.4364
2021-04-10,1332.69,1333.3767
2021-04-11,1332.69,1333.5488
2021-04-12,1329.47,1333.7053
2021-04-13,1339.27,1333.48
2021-04-14,1346.08,1334.8165
2021-04-15,1341.7,1337.1005
2021-04-16,1337.43,1339.5233
2021-04-17,1337.43,1340.8279
2021-04-18,1337.43,1341.5697
2021-04-19,1338.18,1341.7029
2021-04-20,1346.31,1342.0953
2021-04-21,1339.64,1343.0585
2021-04-22,1344.96,1343.6466
2021-04-23,1341.4,1344.2651
2021-04-24,1341.4,1345.1017
2021-04-25,1341.4,1345.5176
2021-04-26,1353.14,1345.4779
2021-04-27,1345.93,1346.5094
2021-04-28,1342.96,1346.9609
2021-04-29,1349.69,1347.6339
2021-04-30,1342.33,1348.5463
2021-05-01,1342.33,1348.2754
2021-05-02,1342.33,1348.4465
2021-05-03,1334.63,1347.944
2021-05-04,1349.76,1347.0936
2021-05-05,1349.76,1346.659
2021-05-06,1345.99,1347.1311
2021-05-07,1357.63,1348.1791
2021-05-08,1357.63,1350.7434
2021-05-09,1357.63,1353.7074
2021-05-10,1364.8,1356.3734
2021-05-11,1353.07,1359.5931
2021-05-12,1359.2,1362.3588
2021-05-13,1356.68,1364.3578
2021-05-14,1365.6,1365.3416
2021-05-15,1365.6,1366.0752
2021-05-16,1365.6,1366.0521
2021-05-17,1371.95,1366.1709
2021-05-18,1376.99,1367.267
2021-05-19,1376.99,1370.3779
2021-05-20,1379.66,1372.8846
2021-05-21,1384.28,1376.2435
2021-05-22,1384.28,1379.001
2021-05-23,1384.28,1381.4167
2021-05-24,1372.9,1383.3589
2021-05-25,1377.42,1383.8801
2021-05-26,1375.6,1384.0723
2021-05-27,1364.08,1382.4584
2021-05-28,1363.12,1379.461
2021-05-29,1363.12,1376.0726
2021-05-30,1363.12,1373.0532
2021-05-31,1360.91,1370.5509
2021-06-01,1361.75,1368.5122
2021-06-02,1352.15,1367.2549
2021-06-03,1355.73,1366.1649
2021-06-04,1348.61,1364.2981
2021-06-05,1348.61,1362.9941
2021-06-06,1348.61,1361.174
2021-06-07,1359.33,1359.2432
2021-06-08,1354.61,1358.8652
2021-06-09,1355.6,1358.9999
2021-06-10,1358.77,1359.7504
2021-06-11,1357.46,1360.9021
2021-06-12,1357.46,1360.9583
2021-06-13,1357.46,1360.9598
2021-06-14,1345.72,1361.106
2021-06-15,1353.19,1360.2427
2021-06-16,1355.5,1359.6227
2021-06-17,1340.51,1358.486
2021-06-18,1345.52,1355.9182
2021-06-19,1345.52,1353.9293
2021-06-20,1345.52,1352.6359
2021-06-21,1343.98,1351.6683
2021-06-22,1352.43,1350.4989
2021-06-23,1352.31,1350.5299
2021-06-24,1354.83,1350.8589
2021-06-25,1355.12,1351.8973
2021-06-26,1355.12,1353.0518
2021-06-27,1355.12,1354.6128
2021-06-28,1347.67,1356.0111
2021-06-29,1347.46,1356.6185
2021-06-30,1344.42,1356.0665
2021-07-01,1339.47,1354.385
2021-07-02,1341.15,1350.8513
2021-07-03,1341.15,1348.6046
2021-07-04,1341.15,1346.7544
2021-07-05,1345.63,1345.3777
2021-07-06,1340.99,1344.8531
2021-07-07,1337.9,1344.7485
2021-07-08,1341.97,1344.4623
2021-07-09,1354.24,1345.2902
2021-07-10,1354.24,1346.6611
2021-07-11,1354.24,1348.4487
2021-07-12,1363.61,1350.4742
2021-07-13,1360.03,1353.2258
2021-07-14,1348.76,1355.297
2021-07-15,1361.61,1356.7982
2021-07-16,1351.11,1358.1765
2021-07-17,1351.11,1358.4817
2021-07-18,1351.11,1357.8173
2021-07-19,1347.81,1356.6282
2021-07-20,1351.24,1356.2098
2021-07-21,1355.99,1354.7969
2021-07-22,1356.73,1353.7338
2021-07-23,1355.13,1353.5212
2021-07-24,1355.13,1353.3811
2021-07-25,1355.13,1353.8132
2021-07-26,1353.42,1354.5096
2021-07-27,1361.06,1355.5016
2021-07-28,1359.36,1357.5968
2021-07-29,1367.92,1359.3217
2021-07-30,1364.6,1361.7468
2021-07-31,1364.6,1363.563
2021-08-01,1364.6,1365.0085
2021-08-02,1361.57,1365.4132
2021-08-03,1367.23,1366.1185
2021-08-04,1365.77,1366.4604
2021-08-05,1356.34,1366.1711
2021-08-06,1353.22,1364.7284
2021-08-07,1353.22,1361.3185
2021-08-08,1353.22,1358.4545
2021-08-09,1341.92,1356.0879
2021-08-10,1343.71,1353.0138
2021-08-11,1346.04,1350.0978
2021-08-12,1355.97,1348.2825
2021-08-13,1360.32,1347.6469
2021-08-14,1360.32,1349.536
2021-08-15,1360.32,1352.0233
2021-08-16,1360.32,1354.7119
2021-08-17,1375.67,1357.3195
2021-08-18,1375.46,1360.301
2021-08-19,1373.76,1364.2192
2021-08-20,1371.52,1367.4994
2021-08-21,1371.52,1369.472
2021-08-22,1371.52,1370.6318
2021-08-23,1376.03,1370.9285
2021-08-24,1379.04,1371.6415
2021-08-25,1373.16,1372.1464
2021-08-26,1373.09,1372.0659
2021-08-27,1373.39,1372.0526
2021-08-28,1373.39,1372.4879
2021-08-29,1373.39,1372.3911
2021-08-30,1381.31,1372.04
2021-08-31,1373.7,1372.6125
2021-09-01,1373.27,1372.9685
2021-09-02,1370.77,1373.9547
2021-09-03,1377.09,1374.4708
2021-09-04,1377.09,1375.0045
2021-09-05,1377.09,1375.4349
2021-09-06,1374.03,1375.9633
2021-09-07,1373.89,1376.2397
2021-09-08,1371.24,1375.768
2021-09-09,1376.21,1375.3279
2021-09-10,1383.35,1375.8425
2021-09-11,1383.35,1376.9244
2021-09-12,1383.35,1378.7373
2021-09-13,1382.48,1380.6493
2021-09-14,1386.85,1382.1545
2021-09-15,1383.37,1383.7532
2021-09-16,1384.77,1384.4406
2021-09-17,1375.56,1384.127
2021-09-18,1375.56,1382.8612
2021-09-19,1375.56,1381.6659
2021-09-20,1375.56,1380.3379
2021-09-21,1375.56,1380.1011
2021-09-22,1375.56,1379.6346
2021-09-23,1377.09,1378.3246
2021-09-24,1387.55,1376.9062
2021-09-25,1387.55,1376.2178
2021-09-26,1387.55,1377.0107
2021-09-27,1377.45,1378.7135
2021-09-28,1375.16,1379.9506
2021-09-29,1381.23,1380.4408
2021-09-30,1374.31,1380.272
2021-10-01,1372.28,1379.8734
2021-10-02,1372.28,1379.4984
2021-10-03,1372.28,1377.966
2021-10-04,1372.28,1376.2634
2021-10-05,1379.23,1375.1794
2021-10-06,1376.74,1374.4176
2021-10-07,1374.93,1373.9761
2021-10-08,1375.45,1373.6011
2021-10-09,1375.45,1373.6671
2021-10-10,1375.45,1374.0929
2021-10-11,1375.45,1374.5157
2021-10-12,1378.2,1374.755
2021-10-13,1382.86,1375.188
2021-10-14,1385.96,1376.7628
2021-10-15,1378.19,1378.5409
2021-10-16,1378.19,1378.9382
2021-10-17,1378.19,1379.0621
2021-10-18,1371.99,1379.0033
2021-10-19,1376.77,1378.1627
2021-10-20,1374.97,1377.0363
2021-10-21,1369.87,1376.4265
2021-10-22,1366.75,1374.9006
2021-10-23,1366.75,1373.5419
2021-10-24,1366.75,1372.1674
2021-10-25,1372.07,1370.7887
2021-10-26,1360.17,1369.7982
2021-10-27,1352.27,1368.3191
2021-10-28,1355.05,1366.8292
2021-10-29,1368.78,1365.3402
2021-10-30,1368.78,1363.822
2021-10-31,1368.78,1363.227
2021-11-01,1352.12,1363.5922
2021-11-02,1364.8,1363.2883
2021-11-03,1361.05,1363.5111
2021-11-04,1371.61,1363.3859
2021-11-05,1363.14,1363.6855
2021-11-06,1363.14,1364.1918
2021-11-07,1363.14,1364.5789
2021-11-08,1370.86,1364.6582
2021-11-09,1372.31,1365.5491
2021-11-10,1366.12,1367.2432
2021-11-11,1355.73,1366.7435
2021-11-12,1356.19,1365.0884
2021-11-13,1356.19,1362.9464
2021-11-14,1356.19,1360.6737
2021-11-15,1349.88,1358.4739
2021-11-16,1342.01,1355.5112
2021-11-17,1335.07,1351.867
2021-11-18,1339.54,1348.4869
2021-11-19,1342.52,1346.0406
2021-11-20,1342.52,1343.7139
2021-11-21,1342.52,1342.0819
2021-11-22,1335.28,1341.2878
2021-11-23,1334.52,1339.8436
2021-11-24,1337.22,1338.8273
2021-11-25,1331.3,1337.8368
2021-11-26,1333.53,1336.5797
2021-11-27,1333.53,1333.4927
2021-11-28,1333.53,1335.5879
2021-11-29,1347.14,1336.584
2021-11-30,1347.59,1336.0701
2021-12-01,1346.79,1337.6394
2021-12-02,1336.22,1339.8739
2021-12-03,1330.41,1339.988
2021-12-04,1330.41,1339.3325
2021-12-05,1330.41,1337.8453
2021-12-06,1332.29,1335.8683
2021-12-07,1335.63,1332.8126
2021-12-08,1331.15,1329.5079
2021-12-09,1334.33,1327.7473
2021-12-10,1325.81,1326.4844
2021-12-11,1325.81,1325.6963
2021-12-12,1325.81,1324.9574
2021-12-13,1332.96,1324.3136
2021-12-14,1330.1,1324.333
2021-12-15,1332.38,1324.3207
2021-12-16,1340.11,1324.4691
2021-12-17,1340.96,1326.7969
2021-12-18,1340.96,1328.2604
2021-12-19,1340.96,1329.7021
2021-12-20,1331.27,1330.8936
2021-12-21,1341.74,1331.094
2021-12-22,1344.19,1330.9973
2021-12-23,1348.91,1331.6171
2021-12-24,1344.84,1332.4877
2021-12-25,1344.84,1333.1436
2021-12-26,1344.84,1334.0004
2021-12-27,1343.06,1334.6907
2021-12-28,1343.79,1334.8425
2021-12-29,1342.16,1334.4801
2021-12-30,1346.85,1334.4288
2021-12-31,1342.34,1334.6488
2022-01-01,1342.34,1335.409
2022-01-02,1342.34,1335.4661
2022-01-03,1348.33,1336.1964
2022-01-04,1345.13,1335.6206
2022-01-05,1347.77,1334.8643
2022-01-06,1355.04,1335.1788
2022-01-07,1355.31,1336.1677
2022-01-08,1355.31,1338.4917
2022-01-09,1355.31,1340.2251
2022-01-10,1365.69,1341.6195
2022-01-11,1359.36,1343.051
2022-01-12,1358.88,1344.8491
2022-01-13,1361.66,1347.2682
2022-01-14,1361.26,1349.9694
2022-01-15,1361.26,1350.5994
2022-01-16,1361.26,1350.4895
2022-01-17,1354.58,1350.2969
2022-01-18,1360.18,1349.6227
2022-01-19,1346.73,1348.2993
2022-01-20,1351.62,1347.2838
2022-01-21,1346.76,1346.1058
2022-01-22,1346.76,1345.7401
2022-01-23,1346.76,1345.3844
2022-01-24,1353.54,1344.5945
2022-01-25,1352.67,1344.0214
2022-01-26,1353.87,1343.927
2022-01-27,1345.55,1342.9264
2022-01-28,1340.07,1339.8716
2022-01-29,1340.07,1336.7599
2022-01-30,1340.07,1334.101
2022-01-31,1340.07,1332.0956
2022-02-01,1340.07,1331.7739
2022-02-02,1340.07,1330.4827
2022-02-03,1362.98,1331.982
2022-02-04,1378.62,1337.039
2022-02-05,1378.62,1342.6334
2022-02-06,1378.62,1347.9069
2022-02-07,1374.27,1352.5472
2022-02-08,1372.17,1356.255
2022-02-09,1367.29,1357.4048
2022-02-10,1366.19,1357.0527
2022-02-11,1365.17,1356.0571
2022-02-12,1365.17,1354.4391
2022-02-13,1365.17,1353.5104
2022-02-14,1361.31,1352.8325
2022-02-15,1354.62,1351.3776
2022-02-16,1361.38,1349.8818
2022-02-17,1362.43,1349.1561
2022-02-18,1360.8,1349.34
2022-02-19,1360.8,1349.3761
2022-02-20,1360.8,1349.6265
2022-02-21,1354.38,1350.0524
2022-02-22,1350.38,1349.7491
2022-02-23,1353.54,1348.8058
2022-02-24,1347.31,1347.6581
2022-02-25,1343.15,1343.8618
2022-02-26,1343.15,1341.2008
2022-02-27,1343.15,1338.7966
2022-02-28,1342.09,1337.0681
2022-03-01,1342.09,1336.2208
2022-03-02,1341.17,1334.9548
2022-03-03,1340.08,1334.2184
2022-03-04,1331.84,1332.3049
2022-03-05,1331.84,1328.6128
2022-03-06,1331.84,1325.9165
2022-03-07,1316.9,1323.8713
2022-03-08,1330.42,1320.18
2022-03-09,1330.42,1318.0924
2022-03-10,1366.9,1318.6028
2022-03-11,1350.71,1320.3019
2022-03-12,1350.71,1321.0486
2022-03-13,1350.71,1322.8247
2022-03-14,1347.38,1324.775
2022-03-15,1354.16,1326.3751
2022-03-16,1361.34,1326.6722
2022-03-17,1367.23,1328.4711
2022-03-18,1353.65,1331.2418
2022-03-19,1353.65,1332.0111
2022-03-20,1353.65,1332.3824
2022-03-21,1337.78,1332.4774
2022-03-22,1337.38,1329.7325
2022-03-23,1347.75,1325.9263
2022-03-24,1334.58,1323.5089
2022-03-25,1342.38,1320.6107
2022-03-26,1342.38,1318.3285
2022-03-27,1342.38,1317.2969
2022-03-28,1337.69,1317.3085
2022-03-29,1347.6,1316.3928
2022-03-30,1353.9,1318.4365
2022-03-31,1351.13,1322.5491
2022-04-01,1340.55,1324.9004
2022-04-02,1340.55,1323.8268
2022-04-03,1340.55,1323.9888
2022-04-04,1343.06,1323.8315
2022-04-05,1335.08,1322.1534
2022-04-06,1322.64,1318.7849
2022-04-07,1328.39,1314.5177
2022-04-08,1324.88,1310.4833
2022-04-09,1324.88,1306.8273
2022-04-10,1324.88,1303.8951
2022-04-11,1333.24,1301.9572
2022-04-12,1340.35,1301.9547
2022-04-13,1338.87,1302.7109
2022-04-14,1337.27,1304.7979
2022-04-15,1325.2,1305.4282
2022-04-16,1325.2,1304.867
2022-04-17,1325.2,1303.5961
2022-04-18,1330.66,1301.9675
2022-04-19,1328.84,1299.6682
2022-04-20,1332.33,1297.2644
2022-04-21,1342.75,1297.3877
2022-04-22,1339.76,1298.9543
2022-04-23,1339.76,1300.527
2022-04-24,1339.76,1302.2533
2022-04-25,1342.03,1303.6227
2022-04-26,1335.52,1303.5408
2022-04-27,1328.82,1302.907
2022-04-28,1332.7,1300.0142
2022-04-29,1332.74,1295.7943
2022-04-30,1332.74,1294.757
2022-05-01,1332.74,1294.1313
2022-05-02,1334.74,1293.1439
2022-05-03,1330.1,1291.673
2022-05-04,1331.9,1290.639
2022-05-05,1331.9,1291.1815
2022-05-06,1330.13,1289.6932
2022-05-07,1330.13,1288.6105
2022-05-08,1330.13,1287.637
2022-05-09,1340.92,1287.0764
2022-05-10,1345.85,1288.7026
2022-05-11,1343.55,1290.5553
2022-05-12,1343.02,1292.7
2022-05-13,1335.35,1292.3967
2022-05-14,1335.35,1291.8582
2022-05-15,1335.35,1290.6914
2022-05-16,1337.7,1289.4115
2022-05-17,1337.48,1289.2225
2022-05-18,1347.25,1290.5239
2022-05-19,1329.21,1292.2523
2022-05-20,1348.59,1295.0947
2022-05-21,1348.59,1297.053
2022-05-22,1348.59,1298.9845
2022-05-23,1342.75,1300.579
2022-05-24,1354.28,1303.056
2022-05-25,1357.23,1306.2864
2022-05-26,1350.85,1308.4677
2022-05-27,1359.35,1309.9586
2022-05-28,1359.35,1311.4508
2022-05-29,1359.35,1312.9435
2022-05-30,1348.53,1314.1129
2022-05-31,1342.29,1313.9661
2022-06-01,1342.29,1312.4264
2022-06-02,1319.14,1307.1357
2022-06-03,1345.04,1304.1492
2022-06-04,1345.04,1302.0767
2022-06-05,1345.04,1301.4001
2022-06-06,1345.04,1301.5516
2022-06-07,1327.05,1301.2395
2022-06-08,1345.79,1300.4059
2022-06-09,1345.66,1299.8053
2022-06-10,1335.07,1298.5924
2022-06-11,1335.07,1295.2911
2022-06-12,1335.07,1292.6511
2022-06-13,1330.25,1291.2672
2022-06-14,1339.05,1288.2697
2022-06-15,1345.22,1285.2051
2022-06-16,1348.89,1284.7083
2022-06-17,1354.6,1289.7734
2022-06-18,1354.6,1292.2269
2022-06-19,1354.6,1294.7695
2022-06-20,1350.59,1296.8436
2022-06-21,1358.55,1297.9506
2022-06-22,1359.45,1299.3517
2022-06-23,1369.23,1301.0718
2022-06-24,1369.25,1303.0996
2022-06-25,1369.25,1305.6058
2022-06-26,1369.25,1307.8242
2022-06-27,1373.86,1309.5928
2022-06-28,1360.04,1311.791
2022-06-29,1352.49,1311.0635
2022-06-30,1350.05,1308.0981
2022-07-01,1361.87,1306.506
2022-07-02,1361.87,1305.6436
2022-07-03,1361.87,1304.3739
2022-07-04,1350.37,1303.8469
2022-07-05,1354.1,1303.1609
2022-07-06,1332.72,1300.255
2022-07-07,1331.33,1295.0131
2022-07-08,1324.0,1289.6274
2022-07-09,1324.0,1284.2056
2022-07-10,1324.0,1279.692
2022-07-11,1321.91,1276.19
2022-07-12,1306.52,1272.253
2022-07-13,1316.71,1268.8533
2022-07-14,1312.63,1267.1154
2022-07-15,1312.49,1264.3722
2022-07-16,1312.49,1262.8016
2022-07-17,1312.49,1261.4313
2022-07-18,1335.08,1260.6876
2022-07-19,1336.25,1263.6854
2022-07-20,1345.73,1268.4794
2022-07-21,1332.42,1272.2948
2022-07-22,1341.69,1275.1993
2022-07-23,1341.69,1278.6925
2022-07-24,1341.69,1281.2456
2022-07-25,1339.38,1282.785
2022-07-26,1339.78,1283.5737
2022-07-27,1327.16,1282.5474
2022-07-28,1339.65,1281.9326
2022-07-29,1329.3,1281.8657
2022-07-30,1329.3,1282.0048
2022-07-31,1329.3,1281.4926
2022-08-01,1326.78,1280.6476
2022-08-02,1341.22,1281.3411
2022-08-03,1328.77,1280.818
2022-08-04,1331.6,1279.1304
2022-08-05,1342.44,1279.8162
2022-08-06,1342.44,1279.124
2022-08-07,1342.44,1279.5052
2022-08-08,1322.04,1280.1603
2022-08-09,1330.5,1279.9897
2022-08-10,1332.31,1279.9054
2022-08-11,1348.57,1281.762
2022-08-12,1344.51,1284.0946
2022-08-13,1344.51,1284.5693
2022-08-14,1344.51,1285.5808
2022-08-15,1344.51,1286.7158
2022-08-16,1324.34,1286.0222
2022-08-17,1332.13,1283.8176
2022-08-18,1332.98,1281.3947
2022-08-19,1328.76,1277.429
2022-08-20,1328.76,1272.8961
2022-08-21,1328.76,1269.6881
2022-08-22,1331.48,1268.1873
2022-08-23,1330.3,1266.4541
2022-08-24,1338.18,1266.6708
2022-08-25,1336.84,1267.3042
2022-08-26,1333.02,1268.5493
2022-08-27,1333.02,1269.4305
2022-08-28,1333.02,1270.0359
2022-08-29,1325.3,1270.3445
2022-08-30,1347.43,1269.379
2022-08-31,1350.26,1269.9346
2022-09-01,1351.69,1271.5496
2022-09-02,1344.17,1269.7595
2022-09-03,1344.17,1271.2449
2022-09-04,1344.17,1273.4272
2022-09-05,1345.92,1274.6908
2022-09-06,1361.76,1275.142
2022-09-07,1355.5,1274.8829
2022-09-08,1385.72,1275.5172
2022-09-09,1385.72,1279.0813
2022-09-10,1385.72,1285.2449
2022-09-11,1385.72,1291.0237
2022-09-12,1385.72,1295.6422
2022-09-13,1398.47,1300.9469
2022-09-14,1370.13,1302.3601
2022-09-15,1389.13,1301.7023
2022-09-16,1393.22,1301.2479
2022-09-17,1393.22,1301.7034
2022-09-18,1393.22,1302.7917
2022-09-19,1396.71,1303.8331
2022-09-20,1393.92,1305.6467
2022-09-21,1385.21,1306.0348
2022-09-22,1371.3,1304.9978
2022-09-23,1385.33,1375.6022
2022-09-24,1385.33,1369.8462
2022-09-25,1385.33,1366.6346
2022-09-26,1365.51,1365.3188
2022-09-27,1374.08,1361.2468
2022-09-28,1368.47,1358.6033
2022-09-29,1396.71,1360.3164
2022-09-30,1408.83,1363.9023
2022-10-01,1408.83,1368.6421
2022-10-02,1408.83,1376.889
2022-10-03,1408.83,1385.1965
2022-10-04,1408.18,1394.438
2022-10-05,1429.05,1404.2212
2022-10-06,1403.77,1409.378
2022-10-07,1374.71,1408.539
2022-10-08,1374.71,1402.5934
2022-10-09,1374.71,1395.437
2022-10-10,1374.71,1388.4038
2022-10-11,1369.26,1381.1692
2022-10-12,1392.29,1374.7603
2022-10-13,1388.13,1372.449
2022-10-14,1395.04,1373.4058
2022-10-15,1395.04,1373.983
2022-10-16,1395.04,1375.7872
2022-10-17,1391.03,1378.348
2022-10-18,1413.83,1382.0106
2022-10-19,1406.78,1386.1593
2022-10-20,1387.07,1387.1422
2022-10-21,1400.2,1385.6348
2022-10-22,1400.2,1385.7725
2022-10-23,1400.2,1385.6886
2022-10-24,1414.05,1384.9882
2022-10-25,1420.08,1385.0002
2022-10-26,1430.9,1389.1708
2022-10-27,1440.2,1396.1885
2022-10-28,1413.92,1402.2495
2022-10-29,1413.92,1405.2585
2022-10-30,1413.92,1406.1989
2022-10-31,1413.34,1405.8356
2022-11-01,1405.7,1402.5682
2022-11-02,1404.07,1396.8123
2022-11-03,1391.34,1391.3964
2022-11-04,1386.62,1383.1511
2022-11-05,1386.62,1379.245
2022-11-06,1386.62,1375.5244
2022-11-07,1412.3,1372.5529
2022-11-08,1409.31,1373.1879
2022-11-09,1397.7,1376.3506
2022-11-10,1369.67,1377.5316
2022-11-11,1396.68,1381.957
2022-11-12,1396.68,1388.3104
2022-11-13,1396.68,1391.7189
2022-11-14,1376.39,1392.8013
2022-11-15,1363.08,1389.7305
2022-11-16,1367.76,1385.9612
2022-11-17,1377.83,1382.3632
2022-11-18,1387.18,1377.9689
2022-11-19,1387.18,1374.4908
2022-11-20,1387.18,1372.8469
2022-11-21,1384.09,1372.8948
2022-11-22,1385.3,1372.196
2022-11-23,1396.98,1373.8021
2022-11-24,1406.66,1378.3419
2022-11-25,1387.59,1383.1573
2022-11-26,1387.59,1386.3556
2022-11-27,1387.59,1388.0371
2022-11-28,1376.82,1388.589
2022-11-29,1385.06,1386.0397
2022-11-30,1374.31,1382.8722
2022-12-01,1375.02,1381.4225
2022-12-02,1368.9,1383.1013
2022-12-03,1368.9,1383.7896
2022-12-04,1368.9,1383.5627
2022-12-05,1369.71,1382.4933
2022-12-06,1357.08,1379.5432
2022-12-07,1370.2,1376.3735
2022-12-08,1386.79,1376.2145
2022-12-09,1394.28,1378.3082
2022-12-10,1394.28,1381.0698
2022-12-11,1394.28,1384.2609
2022-12-12,1375.59,1387.7306
2022-12-13,1380.48,1388.4076
2022-12-14,1387.36,1390.5966
2022-12-15,1383.61,1392.0115
2022-12-16,1382.96,1391.2242
2022-12-17,1382.96,1389.5988
2022-12-18,1382.96,1388.3754
2022-12-19,1387.92,1387.5116
2022-12-20,1381.29,1386.548
2022-12-21,1379.32,1385.7819
2022-12-22,1364.83,1384.2097
2022-12-23,1352.67,1381.0776
2022-12-24,1352.67,1376.3868
2022-12-25,1352.67,1371.1931
2022-12-26,1361.82,1366.404
2022-12-27,1357.71,1363.1653
2022-12-28,1348.96,1360.6881
2022-12-29,1347.1,1357.8939
2022-12-30,1351.2,1356.8049
2022-12-31,1351.2,1356.2572
2023-01-01,1351.2,1355.5355
2023-01-02,1355.25,1355.1047
2023-01-03,1355.31,1355.2692
2023-01-04,1342.45,1354.8977
2023-01-05,1351.95,1355.0985
2023-01-06,1336.74,1354.3579
2023-01-07,1336.74,1355.665
2023-01-08,1336.74,1355.7413
2023-01-09,1348.81,1354.9589
2023-01-10,1338.75,1356.483
2023-01-11,1332.12,1355.7875
2023-01-12,1340.44,1354.6624
2023-01-13,1350.45,1355.9784
2023-01-14,1350.45,1357.4697
2023-01-15,1350.45,1358.6516
2023-01-16,1343.45,1359.7009
2023-01-17,1336.18,1360.1602
2023-01-18,1336.47,1358.9528
2023-01-19,1338.24,1358.2592
2023-01-20,1338.96,1357.8705
2023-01-21,1338.96,1356.7185
2023-01-22,1338.96,1355.4795
2023-01-23,1338.96,1354.5154
2023-01-24,1338.96,1353.379
2023-01-25,1343.77,1353.2513
2023-01-26,1346.69,1354.0743
2023-01-27,1341.49,1354.7515
2023-01-28,1341.49,1354.7959
2023-01-29,1341.49,1354.7092
2023-01-30,1336.98,1354.5977
2023-01-31,1332.83,1353.358
2023-02-01,1337.02,1352.1904
2023-02-02,1355.28,1354.6993
2023-02-03,1330.13,1358.0181
2023-02-04,1330.13,1357.0782
2023-02-05,1330.13,1355.613
2023-02-06,1323.9,1354.2245
2023-02-07,1338.01,1350.8221
2023-02-08,1347.44,1348.618
2023-02-09,1346.73,1348.9797
2023-02-10,1356.44,1350.7985
2023-02-11,1356.44,1352.9352
2023-02-12,1356.44,1355.9438
2023-02-13,1349.7,1358.9065
2023-02-14,1366.69,1361.2859
2023-02-15,1363.24,1363.9294
2023-02-16,1367.7,1364.5074
2023-02-17,1369.19,1365.1514
2023-02-18,1369.19,1366.4167
2023-02-19,1369.19,1368.0217
2023-02-20,1386.72,1369.3334
2023-02-21,1384.82,1371.997
2023-02-22,1379.9,1373.6362
2023-02-23,1383.07,1374.5175
2023-02-24,1377.45,1375.9792
2023-02-25,1377.45,1375.6982
2023-02-26,1377.45,1375.2365
2023-02-27,1371.9,1374.8048
2023-02-28,1397.76,1375.1152
2023-03-01,1397.76,1376.8368
2023-03-02,1407.59,1379.6636
2023-03-03,1388.89,1382.096
2023-03-04,1388.89,1385.048
2023-03-05,1388.89,1387.1702
2023-03-06,1386.22,1388.1108
2023-03-07,1385.26,1388.1626
2023-03-08,1370.68,1385.2913
2023-03-09,1391.61,1381.8229
2023-03-10,1396.37,1381.3524
2023-03-11,1396.37,1385.4703
2023-03-12,1396.37,1389.9479
2023-03-13,1418.76,1393.9253
2023-03-14,1402.34,1402.128
2023-03-15,1400.74,1407.3181
2023-03-16,1378.17,1409.3485
2023-03-17,1392.79,1408.4203
2023-03-18,1392.79,1409.2744
2023-03-19,1392.79,1409.0692
2023-03-20,1390.94,1408.4287
2023-03-21,1403.0,1407.3518
2023-03-22,1408.63,1406.4263
2023-03-23,1419.77,1408.5718
2023-03-24,1394.42,1412.359
2023-03-25,1394.42,1413.4039
2023-03-26,1394.42,1413.5863
2023-03-27,1389.72,1413.028
2023-03-28,1404.58,1410.7665
2023-03-29,1406.51,1409.4609
2023-03-30,1408.57,1408.6349
2023-03-31,1421.53,1409.8069
2023-04-01,1421.53,1412.475
2023-04-02,1421.53,1415.8569
2023-04-03,1401.23,1419.0648
2023-04-04,1435.75,1421.1472
2023-04-05,1435.83,1426.1459
2023-04-06,1431.22,1431.0114
2023-04-07,1439.62,1434.999
2023-04-08,1439.62,1437.899
2023-04-09,1439.62,1440.8629
2023-04-10,1438.79,1442.8848
2023-04-11,1434.31,1442.673
2023-04-12,1440.37,1442.7218
2023-04-13,1456.09,1444.167
2023-04-14,1456.39,1447.1117
2023-04-15,1456.39,1448.4744
2023-04-16,1456.39,1450.0016
2023-04-17,1427.48,1451.7852
2023-04-18,1432.73,1449.3069
2023-04-19,1447.38,1446.7888
2023-04-20,1444.42,1444.6827
2023-04-21,1456.05,1443.9318
2023-04-22,1456.05,1444.43
2023-04-23,1456.05,1446.3978
2023-04-24,1460.03,1449.0776
2023-04-25,1472.9,1453.1598
2023-04-26,1463.3,1458.138
2023-04-27,1476.71,1462.7406
2023-04-28,1477.64,1466.2391
2023-04-29,1477.64,1469.7571
2023-04-30,1477.64,1472.742
2023-05-01,1477.64,1474.9037
2023-05-02,1469.33,1474.5297
2023-05-03,1475.56,1474.9899
2023-05-04,1481.71,1477.2201
2023-05-05,1481.71,1479.4164
2023-05-06,1481.71,1481.165
2023-05-07,1481.71,1482.0791
2023-05-08,1460.41,1482.8723
2023-05-09,1455.04,1480.4921
2023-05-10,1450.8,1475.999
2023-05-11,1454.7,1472.2518
2023-05-12,1441.24,1468.1636
2023-05-13,1441.24,1462.0272
2023-05-14,1441.24,1457.1519
2023-05-15,1447.09,1453.7098
2023-05-16,1454.79,1452.1779
2023-05-17,1451.16,1451.7075
2023-05-18,1451.64,1451.5271
2023-05-19,1436.12,1450.2076
2023-05-20,1436.12,1448.7076
2023-05-21,1436.12,1446.941
2023-05-22,1440.69,1445.004
2023-05-23,1426.01,1443.4144
2023-05-24,1412.77,1440.5831
2023-05-25,1416.97,1435.9493
2023-05-26,1419.48,1430.4769
2023-05-27,1419.48,1426.3558
2023-05-28,1419.48,1423.0753
2023-05-29,1419.48,1420.9927
2023-05-30,1419.45,1420.1362
2023-05-31,1418.99,1420.9768
2023-06-01,1413.39,1422.1505
2023-06-02,1421.54,1423.9922
2023-06-03,1421.54,1423.8568
2023-06-04,1421.54,1423.634
2023-06-05,1400.55,1423.4293
2023-06-06,1400.55,1421.474
2023-06-07,1398.97,1418.5526
2023-06-08,1391.21,1414.5015
2023-06-09,1408.5,1411.625
2023-06-10,1408.5,1409.2552
2023-06-11,1408.5,1408.3036
2023-06-12,1391.5,1408.2358
2023-06-13,1389.55,1407.3142
2023-06-14,1378.55,1405.6965
2023-06-15,1382.18,1402.9972
2023-06-16,1401.84,1401.9618
2023-06-17,1401.84,1401.1576
2023-06-18,1401.84,1401.2136
2023-06-19,1393.53,1401.7751
2023-06-20,1398.84,1402.1349
2023-06-21,1400.35,1402.6606
2023-06-22,1419.68,1404.0579
2023-06-23,1414.79,1405.4503
2023-06-24,1414.79,1406.6975
2023-06-25,1414.79,1408.5416
2023-06-26,1419.85,1410.5251
2023-06-27,1422.45,1413.3992
2023-06-28,1427.94,1415.8186
2023-06-29,1423.84,1417.9752
2023-06-30,1426.55,1417.8883
2023-07-01,1426.55,1419.1053
2023-07-02,1426.55,1421.0878
2023-07-03,1439.47,1423.0273
2023-07-04,1429.8,1425.1123
2023-07-05,1416.38,1426.622
2023-07-06,1411.89,1425.0352
2023-07-07,1420.36,1421.9491
2023-07-08,1420.36,1420.7201
2023-07-09,1420.36,1419.011
2023-07-10,1433.39,1417.4242
2023-07-11,1434.44,1418.4166
2023-07-12,1426.12,1420.9171
2023-07-13,1437.97,1425.6573
2023-07-14,1432.66,1431.838
2023-07-15,1432.66,1435.2894
2023-07-16,1432.66,1436.8293
2023-07-17,1420.92,1437.0022
2023-07-18,1423.1,1435.8502
2023-07-19,1416.97,1433.7316
2023-07-20,1417.63,1418.4458
2023-07-21,1409.66,1415.4679
2023-07-22,1409.66,1413.4045
2023-07-23,1409.66,1411.1855
2023-07-24,1426.4,1408.9939
2023-07-25,1420.14,1408.0614
2023-07-26,1415.37,1406.7145
2023-07-27,1417.38,1407.1781
2023-07-28,1397.94,1403.7887
2023-07-29,1397.94,1402.9303
2023-07-30,1397.94,1400.5753
2023-07-31,1411.33,1398.5583
2023-08-01,1401.12,1397.6548
2023-08-02,1409.67,1396.6312
2023-08-03,1415.06,1395.5269
2023-08-04,1422.45,1394.2445
2023-08-05,1422.45,1397.1106
2023-08-06,1422.45,1398.1475
2023-08-07,1434.68,1399.5934
2023-08-08,1434.97,1401.6508
2023-08-09,1437.95,1404.6445
2023-08-10,1446.97,1407.3759
2023-08-11,1446.72,1408.9111
2023-08-12,1446.72,1410.3251
2023-08-13,1446.72,1411.7313
2023-08-14,1445.68,1412.688
2023-08-15,1445.68,1412.6967
2023-08-16,1451.52,1411.9891
2023-08-17,1455.87,1411.0895
2023-08-18,1458.79,1411.025
2023-08-19,1458.79,1412.8229
2023-08-20,1458.79,1414.127
2023-08-21,1453.54,1415.5653
2023-08-22,1461.83,1415.234
2023-08-23,1452.02,1416.267
2023-08-24,1453.6,1419.4104
2023-08-25,1429.52,1418.9829
2023-08-26,1429.52,1417.9628
2023-08-27,1429.52,1416.4055
2023-08-28,1431.93,1414.5275
2023-08-29,1431.8,1414.0586
2023-08-30,1438.86,1414.5231
2023-08-31,1444.36,1415.1167
2023-09-01,1433.77,1416.564
2023-09-02,1433.77,1419.2329
2023-09-03,1433.77,1420.3525
2023-09-04,1421.64,1421.1157
2023-09-05,1424.25,1420.3582
2023-09-06,1420.44,1417.1638
2023-09-07,1429.08,1414.629
2023-09-08,1427.6,1413.5922
2023-09-09,1427.6,1412.6135
2023-09-10,1427.6,1411.7592
2023-09-11,1427.94,1411.0916
2023-09-12,1432.46,1410.3912
2023-09-13,1426.35,1410.3555
2023-09-14,1425.06,1410.6084
2023-09-15,1410.84,1409.8599
2023-09-16,1410.84,1407.6101
2023-09-17,1410.84,1405.9121
2023-09-18,1415.75,1404.1118
2023-09-19,1417.76,1403.0723
2023-09-20,1414.11,1401.4032
2023-09-21,1415.97,1400.4797
2023-09-22,1427.61,1396.8389
2023-09-23,1427.61,1397.6329
2023-09-24,1427.61,1397.9249
2023-09-25,1424.34,1398.4314
2023-09-26,1412.92,1397.0325
2023-09-27,1421.72,1395.1702
2023-09-28,1421.72,1393.779
2023-09-29,1421.72,1393.7737
2023-09-30,1421.72,1393.0758
2023-10-01,1421.72,1392.6382
2023-10-02,1421.72,1397.3478
2023-10-03,1421.72,1396.9531
2023-10-04,1414.2,1395.2449
2023-10-05,1429.45,1396.2727
2023-10-06,1423.21,1397.2845
2023-10-07,1423.21,1397.0254
2023-10-08,1423.21,1396.835
2023-10-09,1423.21,1396.5359
2023-10-10,1425.09,1396.3291
2023-10-11,1430.28,1398.3156
2023-10-12,1423.06,1400.8612
2023-10-13,1411.32,1399.4127
2023-10-14,1411.32,1399.0071
2023-10-15,1411.32,1398.3156
2023-10-16,1419.43,1397.5856
2023-10-17,1429.21,1396.9287
2023-10-18,1429.57,1395.106
2023-10-19,1424.49,1393.3644
2023-10-20,1436.34,1390.9479
2023-10-21,1436.34,1391.5076
2023-10-22,1436.34,1391.7344
2023-10-23,1435.32,1392.074
2023-10-24,1443.73,1394.217
2023-10-25,1423.66,1396.6366
2023-10-26,1422.97,1394.6223
2023-10-27,1433.5,1395.3186
2023-10-28,1433.5,1395.9567
2023-10-29,1433.5,1396.6621
2023-10-30,1428.16,1397.0247
2023-10-31,1435.86,1397.2076
2023-11-01,1427.88,1398.0479
2023-11-02,1435.46,1393.2913
2023-11-03,1426.08,1394.1075
2023-11-04,1426.08,1394.7491
2023-11-05,1426.08,1394.1375
2023-11-06,1421.85,1393.7736
2023-11-07,1397.16,1391.8219
2023-11-08,1397.27,1390.3712
2023-11-09,1398.06,1389.6305
2023-11-10,1396.31,1385.6519
2023-11-11,1396.31,1383.9849
2023-11-12,1396.31,1381.8342
2023-11-13,1407.42,1380.3707
2023-11-14,1415.29,1379.5326
2023-11-15,1441.99,1383.435
2023-11-16,1412.54,1385.4653
2023-11-17,1415.25,1387.8091
2023-11-18,1415.25,1389.6512
2023-11-19,1415.25,1390.7123
2023-11-20,1412.26,1391.4993
2023-11-21,1414.4,1391.6877
2023-11-22,1405.46,1392.032
2023-11-23,1410.69,1391.3267
2023-11-24,1416.23,1390.9624
2023-11-25,1416.23,1390.4419
2023-11-26,1416.23,1390.1534
2023-11-27,1424.76,1389.8097
2023-11-28,1429.49,1391.7655
2023-11-29,1422.88,1394.2638
2023-11-30,1414.16,1396.5297
2023-12-01,1405.37,1395.5504
2023-12-02,1405.37,1385.5712
2023-12-03,1405.37,1381.5667
2023-12-04,1418.6,1377.9728
2023-12-05,1410.57,1375.1216
2023-12-06,1415.85,1374.6614
2023-12-07,1413.06,1375.2666
2023-12-08,1427.59,1375.5564
2023-12-09,1427.59,1376.0585
2023-12-10,1427.59,1377.4938
2023-12-11,1408.22,1379.0092
2023-12-12,1419.02,1378.6161
2023-12-13,1420.69,1379.7441
2023-12-14,1432.48,1382.7756
2023-12-15,1423.93,1386.627
2023-12-16,1423.93,1388.256
2023-12-17,1423.93,1390.2744
2023-12-18,1410.83,1391.7667
2023-12-19,1418.44,1391.0269
2023-12-20,1432.69,1391.1353
2023-12-21,1422.94,1392.6643
2023-12-22,1435.29,1392.8027
2023-12-23,1435.29,1393.9247
2023-12-24,1435.29,1395.2189
2023-12-25,1435.29,1396.3243
2023-12-26,1433.5,1397.0522
2023-12-27,1432.19,1397.998
2023-12-28,1437.75,1400.3164
2023-12-29,1426.59,1400.5365
2023-12-30,1426.59,1399.9138
2023-12-31,1426.59,1399.5276
2024-01-01,1426.59,1399.1678
2024-01-02,1423.63,1399.692
2024-01-03,1421.82,1397.4849
2024-01-04,1429.86,1396.9691
2024-01-05,1434.28,1395.6464
2024-01-06,1434.28,1395.0432
2024-01-07,1434.28,1394.9109
2024-01-08,1437.19,1394.9667
2024-01-09,1439.84,1396.2263
2024-01-10,1434.32,1396.8374
2024-01-11,1448.55,1397.0323
2024-01-12,1444.11,1399.5029
2024-01-13,1444.11,1401.1382
2024-01-14,1444.11,1402.5833
2024-01-15,1438.55,1403.7826
2024-01-16,1444.44,1404.487
2024-01-17,1445.69,1402.5978
2024-01-18,1461.67,1401.9513
2024-01-19,1460.26,1402.6066
2024-01-20,1460.26,1403.6846
2024-01-21,1460.26,1404.5543
2024-01-22,1456.25,1405.3553
2024-01-23,1452.35,1406.5642
2024-01-24,1450.63,1406.3151
2024-01-25,1457.61,1405.5145
2024-01-26,1448.43,1406.1583
2024-01-27,1448.43,1405.8799
2024-01-28,1448.43,1405.6707
2024-01-29,1449.34,1405.5481
2024-01-30,1448.73,1406.5597
2024-01-31,1443.1,1407.2612
2024-02-01,1442.11,1408.0626
2024-02-02,1449.23,1413.2999
2024-02-03,1449.23,1412.4706
2024-02-04,1449.23,1413.877
2024-02-05,1427.53,1414.6555
2024-02-06,1433.76,1410.9128
2024-02-07,1430.12,1410.7747
2024-02-08,1427.94,1408.7134
2024-02-09,1427.94,1405.4148
2024-02-10,1427.94,1402.5989
2024-02-11,1427.94,1400.7324
2024-02-12,1427.94,1399.1783
2024-02-13,1429.66,1397.7147
2024-02-14,1422.78,1394.0282
2024-02-15,1434.49,1393.7961
2024-02-16,1436.59,1394.2983
2024-02-17,1436.59,1393.7089
2024-02-18,1436.59,1394.027
2024-02-19,1436.71,1394.308
2024-02-20,1437.57,1394.8215
2024-02-21,1446.0,1395.3572
2024-02-22,1444.8,1395.6871
2024-02-23,1440.74,1396.5521
2024-02-24,1440.74,1398.212
2024-02-25,1440.74,1398.7257
2024-02-26,1438.57,1399.2842
2024-02-27,1444.7,1399.0647
2024-02-28,1443.73,1399.0446
2024-02-29,1445.92,1399.72
2024-03-01,1445.92,1400.682
2024-03-02,1445.92,1400.9255
2024-03-03,1445.92,1401.3452
2024-03-04,1446.56,1401.69
2024-03-05,1444.22,1401.4912
2024-03-06,1447.52,1402.6881
2024-03-07,1456.05,1403.7948
2024-03-08,1455.71,1405.7974
2024-03-09,1455.71,1407.2365
2024-03-10,1455.71,1408.6804
2024-03-11,1447.34,1410.0366
2024-03-12,1436.05,1410.0901
2024-03-13,1432.9,1408.4944
2024-03-14,1437.45,1406.247
2024-03-15,1433.25,1402.4498
2024-03-16,1433.25,1399.7053
2024-03-17,1433.25,1397.4276
2024-03-18,1445.9,1395.7151
2024-03-19,1449.24,1394.9564
2024-03-20,1454.15,1395.9077
2024-03-21,1463.4,1397.9714
2024-03-22,1440.49,1400.076
2024-03-23,1440.49,1401.3798
2024-03-24,1440.49,1401.8066
2024-03-25,1444.06,1401.9725
2024-03-26,1453.12,1401.6765
2024-03-27,1450.04,1402.1343
2024-03-28,1455.01,1403.3958
2024-03-29,1452.93,1404.2595
2024-03-30,1452.93,1405.0764
2024-03-31,1452.93,1405.6533
2024-04-01,1453.44,1405.9457
2024-04-02,1446.25,1406.4796
2024-04-03,1456.84,1405.6511
2024-04-04,1462.02,1406.2754
2024-04-05,1459.8,1407.1564
2024-04-06,1459.8,1406.7151
2024-04-07,1459.8,1407.2052
2024-04-08,1464.4,1407.755
2024-04-09,1470.28,1408.3357
2024-04-10,1470.28,1410.3041
2024-04-11,1455.03,1407.6964
2024-04-12,1462.98,1407.1552
2024-04-13,1462.98,1406.6044
2024-04-14,1462.98,1406.575
2024-04-15,1460.14,1406.4158
2024-04-16,1470.6,1403.2367
2024-04-17,1481.88,1403.1183
2024-04-18,1479.46,1405.471
2024-04-19,1464.1,1405.9122
2024-04-20,1464.1,1405.9675
2024-04-21,1464.1,1405.9431
2024-04-22,1476.48,1405.7822
2024-04-23,1470.96,1407.0177
2024-04-24,1474.84,1407.9805
2024-04-25,1465.56,1407.989
2024-04-26,1477.09,1407.4596
2024-04-27,1477.09,1408.4384
2024-04-28,1477.09,1408.9103
2024-04-29,1472.49,1409.4398
2024-04-30,1477.48,1410.3555
2024-05-01,1477.48,1409.5068
2024-05-02,1476.46,1412.2565
2024-05-03,1479.06,1414.1992
2024-05-04,1479.06,1417.1907
2024-05-05,1479.06,1418.7438
2024-05-06,1479.06,1420.1454
2024-05-07,1469.84,1421.3881
2024-05-08,1459.7,1421.7952
2024-05-09,1466.53,1420.732
2024-05-10,1475.21,1420.8167
2024-05-11,1475.21,1420.0121
2024-05-12,1475.21,1419.8699
2024-05-13,1473.78,1419.7804
2024-05-14,1478.27,1419.8987
2024-05-15,1478.27,1464.017
2024-05-16,1490.7,1465.8763
2024-05-17,1466.46,1467.2754
2024-05-18,1466.46,1466.6721
2024-05-19,1466.46,1465.2174
2024-05-20,1473.44,1463.5647
2024-05-21,1472.97,1462.5477
2024-05-22,1481.33,1461.914
2024-05-23,1475.69,1462.1465
2024-05-24,1475.43,1462.5626
2024-05-25,1475.43,1464.1691
2024-05-26,1475.43,1464.8917
2024-05-27,1486.31,1465.2946
2024-05-28,1482.76,1466.4153
2024-05-29,1475.81,1467.3909
2024-05-30,1474.05,1466.9938
2024-05-31,1491.09,1467.5203
2024-06-01,1491.09,1469.5828
2024-06-02,1491.09,1471.3915
2024-06-03,1499.17,1472.7239
2024-06-04,1502.75,1475.1084
2024-06-05,1494.0,1477.0704
2024-06-06,1494.0,1477.3988
2024-06-07,1493.91,1477.3644
2024-06-08,1493.91,1476.2844
2024-06-09,1493.91,1476.3751
2024-06-10,1473.31,1476.6045
2024-06-11,1483.24,1474.5991
2024-06-12,1479.4,1473.3584
2024-06-13,1489.75,1472.9384
2024-06-14,1472.45,1471.8724
2024-06-15,1472.45,1469.1316
2024-06-16,1472.45,1467.0665
2024-06-17,1474.76,1465.3218
2024-06-18,1482.0,1464.6104
2024-06-19,1482.66,1465.1038
2024-06-20,1483.88,1465.9052
2024-06-21,1481.15,1466.2172
2024-06-22,1481.15,1466.733
2024-06-23,1481.15,1467.3104
2024-06-24,1485.64,1467.619
2024-06-25,1491.43,1468.4941
2024-06-26,1484.97,1469.5758
2024-06-27,1484.35,1469.6361
2024-06-28,1487.07,1470.2743
2024-06-29,1487.07,1470.7728
2024-06-30,1487.07,1471.4017
2024-07-01,1484.35,1471.8627
2024-07-02,1482.56,1471.8191
2024-07-03,1491.11,1472.4246
2024-07-04,1499.02,1473.5741
2024-07-05,1494.04,1475.0741
2024-07-06,1494.04,1476.6376
2024-07-07,1494.04,1477.246
2024-07-08,1492.77,1477.6337
2024-07-09,1493.68,1477.5079
2024-07-10,1496.22,1477.1378
2024-07-11,1501.02,1477.2861
2024-07-12,1499.75,1478.755
2024-07-13,1499.75,1479.9916
2024-07-14,1499.75,1480.494
2024-07-15,1498.31,1480.7711
2024-07-16,1505.86,1480.4427
2024-07-17,1510.95,1481.0537
2024-07-18,1511.5,1482.584
2024-07-19,1504.09,1483.1956
2024-07-20,1504.09,1483.5594
2024-07-21,1504.09,1484.3165
2024-07-22,1511.26,1484.8995
2024-07-23,1512.25,1486.605
2024-07-24,1502.83,1487.6917
2024-07-25,1501.45,1486.779
2024-07-26,1502.95,1486.3334
2024-07-27,1502.95,1486.7937
2024-07-28,1502.95,1486.3116
2024-07-29,1503.78,1485.7524
2024-07-30,1495.39,1485.0836
2024-07-31,1497.51,1483.6869
2024-08-01,1493.75,1483.6755
2024-08-02,1473.74,1480.083
2024-08-03,1473.74,1476.4553
2024-08-04,1473.74,1472.5283
2024-08-05,1497.38,1469.2148
2024-08-06,1490.67,1464.4987
2024-08-07,1499.61,1467.8153
2024-08-08,1504.34,1470.1443
2024-08-09,1504.24,1474.9209
2024-08-10,1504.24,1479.5101
2024-08-11,1504.24,1481.6012
2024-08-12,1494.63,1482.7125
2024-08-13,1495.24,1481.9978
2024-08-14,1506.99,1482.1998
2024-08-15,1506.99,1482.4741
2024-08-16,1493.8,1482.2148
2024-08-17,1493.8,1481.9669
2024-08-18,1493.8,1480.8162
2024-08-19,1499.44,1479.6754
2024-08-20,1483.02,1479.8351
2024-08-21,1482.25,1478.0447
2024-08-22,1486.49,1476.0712
2024-08-23,1484.99,1473.3617
2024-08-24,1484.99,1473.6327
2024-08-25,1484.99,1472.7498
2024-08-26,1499.91,1472.0488
2024-08-27,1478.27,1472.7549
2024-08-28,1487.85,1472.7461
2024-08-29,1484.79,1471.346
2024-08-30,1479.58,1471.0319
2024-08-31,1479.58,1470.0786
2024-09-01,1479.58,1469.0922
2024-09-02,1474.35,1468.1045
2024-09-03,1481.45,1467.1521
2024-09-04,1481.27,1464.8104
2024-09-05,1487.41,1464.8184
2024-09-06,1484.14,1466.0973
2024-09-07,1484.14,1465.6101
2024-09-08,1484.14,1465.8018
2024-09-09,1475.21,1465.8878
2024-09-10,1478.47,1465.62
2024-09-11,1481.49,1464.7028
2024-09-12,1476.01,1464.3466
2024-09-13,1483.54,1463.94
2024-09-14,1483.54,1464.2568
2024-09-15,1483.54,1464.4539
2024-09-16,1483.54,1464.5925
2024-09-17,1483.54,1464.9426
2024-09-18,1483.54,1464.7605
2024-09-19,1479.61,1464.9633
2024-09-20,1486.22,1465.4517
2024-09-21,1486.22,1465.8394
2024-09-22,1486.22,1466.3376
2024-09-23,1484.23,1466.8253
2024-09-24,1483.81,1466.8677
2024-09-25,1492.75,1467.8209
2024-09-26,1478.71,1468.0459
2024-09-27,1486.01,1468.1571
2024-09-28,1486.01,1467.7904
2024-09-29,1486.01,1467.7155
2024-09-30,1474.06,1467.775
2024-10-01,1474.06,1466.2404
2024-10-02,1446.15,1463.8208
2024-10-03,1446.15,1459.1519
2024-10-04,1456.53,1453.7262
2024-10-05,1456.53,1450.6129
2024-10-06,1456.53,1449.4161
2024-10-07,1462.7,1448.9545
2024-10-08,1478.12,1448.773
2024-10-09,1478.12,1452.0645
2024-10-10,1474.56,1455.137
2024-10-11,1475.5,1457.6456
2024-10-12,1475.5,1459.9724
2024-10-13,1475.5,1461.352
2024-10-14,1473.75,1461.9012
2024-10-15,1477.99,1461.5251
2024-10-16,1481.14,1461.1868
2024-10-17,1480.64,1461.352
2024-10-18,1479.71,1461.598
2024-10-19,1479.71,1462.9009
2024-10-20,1479.71,1463.4895
2024-10-21,1490.18,1463.8647
2024-10-22,1482.16,1464.4003
2024-10-23,1490.3,1465.4896
2024-10-24,1490.0,1466.5682
2024-10-25,1494.18,1468.9552
2024-10-26,1494.18,1470.4749
2024-10-27,1494.18,1472.302
2024-10-28,1494.94,1473.9144
2024-10-29,1499.76,1475.2443
2024-10-30,1496.58,1476.9095
2024-10-31,1502.19,1477.9418
2024-11-01,1501.44,1478.2708
2024-11-02,1501.44,1479.7404
2024-11-03,1501.44,1480.9595
2024-11-04,1498.95,1481.8776
2024-11-05,1491.77,1482.7687
2024-11-06,1505.11,1483.0928
2024-11-07,1493.43,1482.5785
2024-11-08,1510.89,1483.2067
2024-11-09,1510.89,1483.5952
2024-11-10,1510.89,1484.8802
2024-11-11,1483.97,1486.438
2024-11-12,1486.9,1484.4951
2024-11-13,1487.9,1482.2059
2024-11-14,1486.53,1480.4427
2024-11-15,1481.08,1478.8052
2024-11-16,1481.08,1476.5237
2024-11-17,1481.08,1475.4086
2024-11-18,1477.99,1474.7141
2024-11-19,1475.39,1474.6117
2024-11-20,1475.1,1473.4376
2024-11-21,1467.37,1471.3989
2024-11-22,1464.51,1469.3014
2024-11-23,1464.51,1467.1829
2024-11-24,1464.51,1465.3086
2024-11-25,1467.23,1463.8359
2024-11-26,1467.83,1463.8419
2024-11-27,1469.93,1462.8652
2024-11-28,1476.21,1463.4961
2024-11-29,1472.04,1463.7103
2024-11-30,1472.04,1464.1174
2024-12-01,1472.04,1463.5593
2024-12-02,1471.9,1462.4124
2024-12-03,1471.96,1461.2914
2024-12-04,1474.48,1461.2366
2024-12-05,1485.13,1461.7197
2024-12-06,1497.6,1463.9628
2024-12-07,1497.6,1466.852
2024-12-08,1497.6,1469.7809
2024-12-09,1499.95,1472.4025
2024-12-10,1512.67,1474.1592
2024-12-11,1503.79,1477.1211
2024-12-12,1502.68,1479.2399
2024-12-13,1498.71,1480.541
2024-12-14,1498.71,1481.647
2024-12-15,1498.71,1482.6339
2024-12-16,1505.12,1483.1044
2024-12-17,1508.15,1483.9088
2024-12-18,1507.35,1484.6702
2024-12-19,1488.31,1480.81
2024-12-20,1502.25,1481.1052
2024-12-21,1502.25,1485.1765
2024-12-22,1502.25,1486.7034
2024-12-23,1514.19,1487.5854
2024-12-24,1508.07,1489.183
2024-12-25,1508.07,1491.3983
2024-12-26,1511.53,1492.6117
2024-12-27,1524.85,1493.7162
2024-12-28,1524.85,1495.6624
2024-12-29,1524.85,1497.9692
2024-12-30,1537.85,1500.1082
2024-12-31,1528.73,1502.4347
2025-01-01,1528.73,1503.8477
2025-01-02,1521.96,1506.5952
2025-01-03,1507.43,1505.1282
2025-01-04,1507.43,1503.851
2025-01-05,1507.43,1501.0719
2025-01-06,1511.39,1498.4944
2025-01-07,1527.79,1497.6746
2025-01-08,1505.1,1497.5049
2025-01-09,1499.41,1496.6952
2025-01-10,1502.02,1495.5496
2025-01-11,1502.02,1493.5806
2025-01-12,1502.02,1493.2218
2025-01-13,1495.83,1492.7404
2025-01-14,1508.89,1491.7428
2025-01-15,1508.08,1493.3695
2025-01-16,1502.84,1495.4019
2025-01-17,1498.7,1495.1536
2025-01-18,1498.7,1493.5671
2025-01-19,1498.7,1492.1083
2025-01-20,1495.62,1490.6162
2025-01-21,1514.46,1489.0581
2025-01-22,1496.21,1491.4567
2025-01-23,1492.75,1490.9785
2025-01-24,1496.74,1490.0554
2025-01-25,1496.74,1490.118
2025-01-26,1496.74,1489.5848
2025-01-27,1496.74,1488.6846
2025-01-28,1496.74,1486.9417
2025-01-29,1496.74,1485.9026
2025-01-30,1496.74,1485.1715
2025-01-31,1488.84,1485.3989
2025-02-01,1488.84,1483.6284
2025-02-02,1488.84,1482.1532
2025-02-03,1491.5,1481.5831
2025-02-04,1520.25,1480.015
2025-02-05,1515.8,1484.3204
2025-02-06,1508.0,1488.6371
2025-02-07,1502.81,1490.5907
2025-02-08,1502.81,1490.4872
2025-02-09,1502.81,1490.6006
2025-02-10,1491.55,1490.109
2025-02-11,1497.73,1488.2128
2025-02-12,1506.26,1487.33
2025-02-13,1508.74,1487.6804
2025-02-14,1517.8,1489.9463
2025-02-15,1517.8,1492.8761
2025-02-16,1517.8,1494.8604
2025-02-17,1514.02,1496.4012
2025-02-18,1510.63,1497.0984
2025-02-19,1508.3,1496.2743
2025-02-20,1501.61,1495.6869
2025-02-21,1511.95,1495.3848
2025-02-22,1511.95,1493.8313
2025-02-23,1511.95,1493.4493
2025-02-24,1502.79,1493.4886
2025-02-25,1495.51,1492.5222
2025-02-26,1504.74,1491.118
2025-02-27,1501.74,1489.8038
2025-02-28,1496.97,1486.766
2025-03-01,1496.97,1485.2437
2025-03-02,1496.97,1485.8345
2025-03-03,1496.97,1484.8422
2025-03-04,1529.37,1483.4623
2025-03-05,1552.14,1486.1271
2025-03-06,1571.24,1492.1395
2025-03-07,1555.92,1501.4525
2025-03-08,1555.92,1509.2474
2025-03-09,1555.92,1514.7251
2025-03-10,1569.52,1518.2389
2025-03-11,1573.57,1550.3251
2025-03-12,1591.44,1553.6213
2025-03-13,1581.01,1558.6859
2025-03-14,1575.6,1562.3234
2025-03-15,1575.6,1565.205
2025-03-16,1575.6,1566.3705
2025-03-17,1583.26,1567.1431
2025-03-18,1581.14,1568.8668
2025-03-19,1583.42,1569.9023
2025-03-20,1584.1,1572.0104
2025-03-21,1584.33,1573.3418
2025-03-22,1584.33,1574.9408
2025-03-23,1584.33,1576.5292
2025-03-24,1587.33,1578.095
2025-03-25,1584.62,1579.2228
2025-03-26,1585.33,1580.4507
2025-03-27,1573.15,1580.0707
2025-03-28,1583.78,1579.4752
2025-03-29,1583.78,1579.8422
2025-03-30,1583.78,1580.5114
2025-03-31,1587.85,1581.115
2025-04-01,1590.9,1582.0408
2025-04-02,1589.14,1582.1946
2025-04-03,1592.05,1583.2524
2025-04-04,1620.89,1585.2059
2025-04-05,1620.89,1586.1101
2025-04-06,1620.89,1592.6772
2025-04-07,1582.15,1598.2343
2025-04-08,1600.1,1596.2821
2025-04-09,1613.1,1594.2931
2025-04-10,1624.22,1598.7336
2025-04-11,1635.56,1599.0242
2025-04-12,1635.56,1602.6366
2025-04-13,1635.56,1605.8646
2025-04-14,1644.41,1608.8514
2025-04-15,1619.31,1614.8699
2025-04-16,1606.48,1614.2875
2025-04-17,1626.88,1612.1527
2025-04-18,1614.78,1611.6957
2025-04-19,1614.78,1610.0588
2025-04-20,1614.78,1608.295
2025-04-21,1626.12,1607.4667
2025-04-22,1634.43,1608.409
2025-04-23,1615.15,1611.2737
2025-04-24,1616.98,1611.2836
2025-04-25,1628.28,1612.8586
2025-04-26,1628.28,1614.2925
2025-04-27,1628.28,1615.1818
2025-04-28,1628.41,1615.9633
2025-04-29,1642.1,1618.1805
2025-04-30,1638.24,1621.4309
2025-05-01,1638.24,1623.4542
2025-05-02,1611.54,1623.4508
2025-05-03,1611.54,1621.7422
2025-05-04,1611.54,1618.9746
2025-05-05,1611.54,1615.8289
2025-05-06,1611.54,1612.7552
2025-05-07,1617.27,1611.4144
2025-05-08,1575.82,1611.249
2025-05-09,1567.22,1604.8054
2025-05-10,1567.22,1598.8547
2025-05-11,1567.22,1592.7468
2025-05-12,1578.35,1587.401
2025-05-13,1553.25,1582.5387
2025-05-14,1581.72,1578.693
2025-05-15,1583.64,1577.8966
2025-05-16,1566.43,1580.122
2025-05-17,1566.43,1579.7291
2025-05-18,1566.43,1578.2618
2025-05-19,1560.36,1577.3383
2025-05-20,1570.51,1575.3506
2025-05-21,1571.2,1574.1003
2025-05-22,1569.85,1572.5479
2025-05-23,1555.94,1572.2802
2025-05-24,1555.94,1570.959
2025-05-25,1555.94,1568.9507
2025-05-26,1566.36,1566.6198
2025-05-27,1554.74,1565.7183
2025-05-28,1551.04,1564.5577
2025-05-29,1551.17,1561.6896
2025-05-30,1571.14,1561.0088
2025-05-31,1571.14,1562.3745
2025-06-01,1571.14,1563.8741
2025-06-02,1562.73,1565.6985
2025-06-03,1562.73,1566.8131
2025-06-04,1566.29,1566.6779
2025-06-05,1569.09,1567.6195
2025-06-06,1569.09,1567.2562
2025-06-07,1569.09,1566.4255
2025-06-08,1569.09,1566.5886
2025-06-09,1550.21,1566.9865
2025-06-10,1552.07,1565.4142
2025-06-11,1554.64,1563.1807
2025-06-12,1575.08,1561.9785
2025-06-13,1579.81,1563.6261
2025-06-14,1579.81,1564.413
2025-06-15,1579.81,1567.3975
2025-06-16,1576.81,1570.2532
2025-06-17,1576.25,1572.567
2025-06-18,1563.03,1572.5298
2025-06-19,1576.3,1571.8099
2025-06-20,1586.75,1571.5234
2025-06-21,1586.75,1572.8511
2025-06-22,1586.75,1574.554
2025-06-23,1573.17,1576.2178
2025-06-24,1602.66,1577.3042
2025-06-25,1584.77,1581.5214
2025-06-26,1588.17,1582.5831
2025-06-27,1587.1,1583.5709
2025-06-28,1587.1,1582.9962
2025-06-29,1587.1,1583.2427
2025-06-30,1591.8,1582.978
2025-07-01,1595.42,1584.4993
2025-07-02,1596.34,1586.5095
2025-07-03,1604.02,1587.794
2025-07-04,1597.06,1589.186
2025-07-05,1597.06,1590.5634
2025-07-06,1597.06,1591.4994
2025-07-07,1607.1,1592.0919
2025-07-08,1603.91,1592.6062
2025-07-09,1604.19,1593.9714
2025-07-10,1610.64,1596.0624
2025-07-11,1607.1,1597.535
2025-07-12,1607.1,1597.8115
2025-07-13,1607.1,1598.6605
2025-07-14,1604.07,1599.4504
2025-07-15,1608.02,1599.2484
2025-07-16,1604.49,1598.4963
2025-07-17,1614.17,1599.3214
2025-07-18,1615.76,1600.2957
2025-07-19,1615.76,1602.4475
2025-07-20,1615.76,1604.1201
2025-07-21,1618.29,1605.4901
2025-07-22,1626.82,1608.1362
2025-07-23,1628.63,1611.0303
2025-07-24,1623.89,1613.0964
2025-07-25,1608.91,1613.7185
2025-07-26,1608.91,1612.8345
2025-07-27,1608.91,1611.368
2025-07-28,1617.69,1609.7067
2025-07-29,1599.58,1607.8971
2025-07-30,1607.07,1606.1688
2025-07-31,1579.62,1604.2434
2025-08-01,1588.18,1600.7311
2025-08-02,1588.18,1600.3367
2025-08-03,1588.18,1598.3239
2025-08-04,1620.6,1596.7015
2025-08-05,1604.13,1599.4971
2025-08-06,1605.31,1601.1947
2025-08-07,1620.43,1603.6162
2025-08-08,1615.71,1606.1993
2025-08-09,1615.71,1608.8887
2025-08-10,1615.71,1609.8396
2025-08-11,1614.2,1610.6517
2025-08-12,1612.44,1610.5096
2025-08-13,1623.41,1610.9597
2025-08-14,1620.29,1612.5027
2025-08-15,1620.29,1612.2701
2025-08-16,1620.29,1612.9647
2025-08-17,1620.29,1613.6302
2025-08-18,1618.56,1614.2556
2025-08-19,1616.16,1613.9526
2025-08-20,1618.1,1613.799
2025-08-21,1628.16,1614.0574
2025-08-22,1623.4,1614.501
2025-08-23,1623.4,1617.9053
2025-08-24,1623.4,1618.7155
2025-08-25,1634.6,1619.2509
2025-08-26,1610.67,1619.9209
2025-08-27,1619.57,1619.426
2025-08-28,1625.08,1618.9855
2025-08-29,1621.61,1619.9943
2025-08-30,1621.61,1619.7546
2025-08-31,1621.61,1619.3958
2025-09-01,1621.87,1619.5958
2025-09-02,1630.78,1619.8169
2025-09-03,1619.76,1619.325
2025-09-04,1625.17,1620.595
2025-09-05,1622.43,1621.5596
2025-09-06,1622.43,1622.9497
2025-09-07,1622.43,1622.909
2025-09-08,1629.45,1622.4962
2025-09-09,1635.74,1623.9803
2025-09-10,1623.85,1624.9249
2025-09-11,1624.05,1625.5465
2025-09-12,1630.88,1626.2593
2025-09-13,1630.88,1626.4097
2025-09-14,1630.88,1626.9393
2025-09-15,1628.67,1627.1399
2025-09-16,1634.54,1627.5127
2025-09-17,1640.58,1629.1473
2025-09-18,1631.44,1630.3716
2025-09-19,1632.1,1629.7026
2025-09-20,1632.1,1629.2312
2025-09-21,1632.1,1629.3737
2025-09-22,1635.95,1629.4465
2025-09-23,1645.13,1629.7815
2025-09-24,1646.57,1631.6445
2025-09-25,1638.17,1632.7969
2025-09-26,1633.99,1632.744
2025-09-27,1633.99,1633.6578
2025-09-28,1633.99,1633.4395
2025-09-29,1652.35,1632.8179
2025-09-30,1644.5,1634.6814
2025-10-01,1647.71,1635.9697
2025-10-02,1650.08,1637.9509
2025-10-03,1650.08,1639.6632
2025-10-04,1650.08,1641.2518
2025-10-05,1650.08,1642.1913
2025-10-06,1650.08,1642.9835
2025-10-07,1650.08,1642.6948
2025-10-08,1650.08,1642.6671
2025-10-09,1650.08,1643.2058
2025-10-10,1620.6,1642.7716
2025-10-11,1620.6,1640.084
